{
  "version": "2.0",
  "stickerType": "avatar",
  "parts3d": {
    "metaScenePath" : "_metascene",
    "modelList": [
      {
        "name": "fox",
        "positionType": "FACE",
        "transformTrack": {
          "translation": true,
          "rotation": true,
          "scale": true
        },
        "showupTrigger": {
          "triggerType": 0,
          "triggerDelay": 0,
          "displayFrames": 0,
          "triggerStop": false
        },
        "fileName": "_metascene/Models/fox/fox.FBX",
        "textureSubPath": "_metascene/Models/fox",
        "materialFile": "",
        "bsFilePath" : "fox.bs",
        "seperateEyes" : {
            "fileName" : "_metascene/Models/fox/fox_eye.FBX",
            "leftEyePos" : [-0.052,0.028,-0.008],
            "rightEyePos" : [0.052,0.028,-0.008],
            "leftEyeName" : "fox_eye_left",
            "rightEyeName" : "fox_eye_right"
        }
      }
    ],
    "particleList": [],
    "background" :
    {
        "mode" : "none",
        "imagePath" : "bg/bj.jpg",
        "color" : [0.0, 0.0, 0.0, 1.0]
    },
    "lights": {
      "enable": false,
      "envLight": [
        0.2120,
        0.2270,
        0.2590
      ],
      "light0": {
        "position": [
          0.0,
          6.3700,
          6.8500
        ],
        "diffuse": [
          1.0,
          1.0,
          1.0
        ],
        "specular": [
          1.0,
          1.0,
          1.0
        ]
      },
      "light1": {
        "position": [
          -5.0600,
          1.1830,
          -3.3500
        ],
        "diffuse": [
          0.5,
          0.5,
          0.5
        ],
        "specular": [
          0.5,
          0.5,
          0.5
        ]
      },
      "light2": {
        "position": [
          4.5700,
          1.5,
          -3.3700
        ],
        "diffuse": [
          0.5,
          0.5,
          0.5
        ],
        "specular": [
          0.5,
          0.5,
          0.5
        ]
      }
    },
    "cubeMapSubPath": "",
    "skyboxMapSubPath": ""
  }
}